keyword,intent_group,page_url,volume,kd,is_question
chicken jerky for dogs,dogs,/chicken-jerky-for-dogs/,1600,10.0,False
chicken jerky dog treats,dogs,/chicken-jerky-for-dogs/,480,15.0,False
chicken jerky treats for dogs,dogs,/chicken-jerky-for-dogs/,390,11.0,False
canine chicken jerky treats,dogs,/chicken-jerky-for-dogs/,260,,False
dog chicken jerky treats,dogs,/chicken-jerky-for-dogs/,260,5.0,False
dog treats chicken jerky,dogs,/chicken-jerky-for-dogs/,260,11.0,False
how to make chicken jerky for dogs,dogs,/chicken-jerky-for-dogs/,260,20.0,True
chicken jerky for dogs recipe,dogs,/chicken-jerky-for-dogs/,210,18.0,False
dog chicken jerky,dogs,/chicken-jerky-for-dogs/,210,7.0,False
dogs love chicken jerky treats,dogs,/chicken-jerky-for-dogs/,140,11.0,False
how do you make chicken jerky for dogs,dogs,/chicken-jerky-for-dogs/,140,22.0,True
chicken jerky recipe for dogs,dogs,/chicken-jerky-for-dogs/,110,21.0,False
homemade chicken jerky for dogs,dogs,/chicken-jerky-for-dogs/,110,17.0,False
is chicken jerky bad for dogs,dogs,/chicken-jerky-for-dogs/,110,1.0,True
is chicken jerky good for dogs,dogs,/chicken-jerky-for-dogs/,110,18.0,True
is chicken jerky safe for dogs,dogs,/chicken-jerky-for-dogs/,110,19.0,True
best chicken jerky for dogs,dogs,/chicken-jerky-for-dogs/,90,11.0,False
chicken jerky dog,dogs,/chicken-jerky-for-dogs/,90,11.0,False
dogs chicken jerky,dogs,/chicken-jerky-for-dogs/,90,11.0,False
pet pride chicken jerky,dogs,/chicken-jerky-for-dogs/,90,7.0,False
chicken jerky dog treats made in usa,dogs,/chicken-jerky-for-dogs/,70,6.0,False
dog chicken jerky recipe,dogs,/chicken-jerky-for-dogs/,70,17.0,False
acana jerky bites chicken recipe dog treats,dogs,/chicken-jerky-for-dogs/,50,,False
american made chicken jerky for dogs,dogs,/chicken-jerky-for-dogs/,50,10.0,False
bare breasts chicken jerky dog & cat treats,dogs,/chicken-jerky-for-dogs/,50,,False
chicken jerky for dogs made in usa,dogs,/chicken-jerky-for-dogs/,50,3.0,False
dehydrated chicken jerky for dogs,dogs,/chicken-jerky-for-dogs/,50,1.0,False
dehydrator chicken jerky for dogs,dogs,/chicken-jerky-for-dogs/,50,18.0,False
recipe for chicken jerky for dogs,dogs,/chicken-jerky-for-dogs/,50,12.0,False
chicken jerky dogs,dogs,/chicken-jerky-for-dogs/,40,10.0,False
chicken jerky for dogs air fryer,dogs,/chicken-jerky-for-dogs/,40,3.0,False
chicken jerky strips for dogs,dogs,/chicken-jerky-for-dogs/,40,6.0,False
hill's natural jerky mini-strips with real chicken dog treats,dogs,/chicken-jerky-for-dogs/,40,,False
kingdom pets chicken jerky,dogs,/chicken-jerky-for-dogs/,40,19.0,False
air fryer chicken jerky for dogs,dogs,/chicken-jerky-for-dogs/,30,6.0,False
best chicken jerky for dogs made in usa,dogs,/chicken-jerky-for-dogs/,30,9.0,False
chicken jerky for dog,dogs,/chicken-jerky-for-dogs/,30,,False
chicken jerky for dogs dehydrator,dogs,/chicken-jerky-for-dogs/,30,8.0,False
chicken jerky for dogs in dehydrator,dogs,/chicken-jerky-for-dogs/,30,0.0,False
dog treat chicken jerky,dogs,/chicken-jerky-for-dogs/,30,12.0,False
dogs chicken jerky treats,dogs,/chicken-jerky-for-dogs/,30,8.0,False
homemade dog chicken jerky,dogs,/chicken-jerky-for-dogs/,30,14.0,False
how to make dog chicken jerky,dogs,/chicken-jerky-for-dogs/,30,,True
petshoppe chicken jerky,dogs,/chicken-jerky-for-dogs/,30,20.0,False
pur luv chicken jerky dog treats,dogs,/chicken-jerky-for-dogs/,30,0.0,False
air fryer dog chicken jerky,dogs,/chicken-jerky-for-dogs/,20,,False
all natural chicken jerky for dogs,dogs,/chicken-jerky-for-dogs/,20,,False
american made chicken jerky dog treats,dogs,/chicken-jerky-for-dogs/,20,,False
are chicken jerky treats bad for dogs,dogs,/chicken-jerky-for-dogs/,20,,True
are chicken jerky treats good for dogs,dogs,/chicken-jerky-for-dogs/,20,,True
are chicken jerky treats safe for dogs,dogs,/chicken-jerky-for-dogs/,20,,True
are trader joe's chicken jerky for dogs safe,dogs,/chicken-jerky-for-dogs/,20,,True
bad chicken jerky treats for dogs,dogs,/chicken-jerky-for-dogs/,20,,False
benefits of chicken jerky for dogs,dogs,/chicken-jerky-for-dogs/,20,,False
best chicken jerky dog treats,dogs,/chicken-jerky-for-dogs/,20,,False
best dog chicken jerky,dogs,/chicken-jerky-for-dogs/,20,,False
blue buffalo chicken jerky dog treats,dogs,/chicken-jerky-for-dogs/,20,,False
blue buffalo chicken jerky treats,dogs,/chicken-jerky-for-dogs/,20,,False
blue buffalo nudges jerky cuts natural dog treats chicken,dogs,/chicken-jerky-for-dogs/,20,,False
blue chicken jerky dog treats,dogs,/chicken-jerky-for-dogs/,20,,False
bulk chicken jerky dog treats,dogs,/chicken-jerky-for-dogs/,20,,False
bulk chicken jerky for dogs,dogs,/chicken-jerky-for-dogs/,20,,False
can cats eat chicken jerky for dogs,dogs,/chicken-jerky-for-dogs/,20,,True
can chicken jerky cause diarrhea in dogs,dogs,/chicken-jerky-for-dogs/,20,,True
can dogs eat chicken jerky,dogs,/chicken-jerky-for-dogs/,20,,True
chewy chicken jerky dog treats,dogs,/chicken-jerky-for-dogs/,20,,False
chewy chicken jerky for dogs,dogs,/chicken-jerky-for-dogs/,20,,False
chicken breast jerky dog treats,dogs,/chicken-jerky-for-dogs/,20,,False
chicken breast jerky for dogs,dogs,/chicken-jerky-for-dogs/,20,,False
chicken dog jerky,dogs,/chicken-jerky-for-dogs/,20,,False
chicken dog jerky recall,dogs,/chicken-jerky-for-dogs/,20,,False
chicken jerky bad for dogs,dogs,/chicken-jerky-for-dogs/,20,,False
chicken jerky dehydrator recipe for dogs,dogs,/chicken-jerky-for-dogs/,20,,False
chicken jerky dog deaths,dogs,/chicken-jerky-for-dogs/,20,,False
chicken jerky dog treat,dogs,/chicken-jerky-for-dogs/,20,,False
chicken jerky dog treat recall,dogs,/chicken-jerky-for-dogs/,20,,False
chicken jerky dog treat recipe,dogs,/chicken-jerky-for-dogs/,20,,False
chicken jerky dog treats dehydrator,dogs,/chicken-jerky-for-dogs/,20,,False
chicken jerky dog treats kidney failure,dogs,/chicken-jerky-for-dogs/,20,,False
chicken jerky dog treats killing dogs,dogs,/chicken-jerky-for-dogs/,20,,False
chicken jerky dog treats recall,dogs,/chicken-jerky-for-dogs/,20,,False
chicken jerky dog treats recipe,dogs,/chicken-jerky-for-dogs/,20,,False
chicken jerky dog treats recipe dehydrator,dogs,/chicken-jerky-for-dogs/,20,,False
chicken jerky dogs china,dogs,/chicken-jerky-for-dogs/,20,,False
chicken jerky dogs recall,dogs,/chicken-jerky-for-dogs/,20,,False
chicken jerky fillets for dogs,dogs,/chicken-jerky-for-dogs/,20,,False
chicken jerky for dogs china,dogs,/chicken-jerky-for-dogs/,20,,False
chicken jerky for dogs from china,dogs,/chicken-jerky-for-dogs/,20,,False
chicken jerky for dogs homemade,dogs,/chicken-jerky-for-dogs/,20,,False
chicken jerky for dogs in air fryer,dogs,/chicken-jerky-for-dogs/,20,,False
chicken jerky for dogs in oven,dogs,/chicken-jerky-for-dogs/,20,,False
chicken jerky for dogs made in china,dogs,/chicken-jerky-for-dogs/,20,,False
chicken jerky for dogs oven,dogs,/chicken-jerky-for-dogs/,20,,False
chicken jerky for dogs recall,dogs,/chicken-jerky-for-dogs/,20,,False
chicken jerky for dogs recipe air fryer,dogs,/chicken-jerky-for-dogs/,20,,False
chicken jerky for dogs recipe dehydrator,dogs,/chicken-jerky-for-dogs/,20,,False
chicken jerky for dogs recipe in dehydrator,dogs,/chicken-jerky-for-dogs/,20,,False
chicken jerky for dogs recipe oven,dogs,/chicken-jerky-for-dogs/,20,,False
chicken jerky for dogs usa,dogs,/chicken-jerky-for-dogs/,20,,False
chicken jerky for pets,dogs,/chicken-jerky-for-dogs/,20,,False
chicken jerky pet treats,dogs,/chicken-jerky-for-dogs/,20,,False
chicken jerky recall dogs,dogs,/chicken-jerky-for-dogs/,20,,False
chicken jerky recall for dogs,dogs,/chicken-jerky-for-dogs/,20,,False
chicken jerky recipe for dogs using dehydrator,dogs,/chicken-jerky-for-dogs/,20,,False
chicken jerky safe for dogs,dogs,/chicken-jerky-for-dogs/,20,,False
chicken jerky tenders for dogs,dogs,/chicken-jerky-for-dogs/,20,,False
chicken jerky treat,dogs,/chicken-jerky-for-dogs/,20,,False
chicken jerky treats,dogs,/chicken-jerky-for-dogs/,20,,False
chicken jerky treats bad for dogs,dogs,/chicken-jerky-for-dogs/,20,,False
chicken jerky treats for dogs recipe,dogs,/chicken-jerky-for-dogs/,20,,False
chicken jerky treats killing dogs,dogs,/chicken-jerky-for-dogs/,20,,False
chicken jerky treats killing dogs 2020,dogs,/chicken-jerky-for-dogs/,20,,False
chicken liver jerky for dogs,dogs,/chicken-jerky-for-dogs/,20,,False
colorado naturals chicken jerky dog treats,dogs,/chicken-jerky-for-dogs/,20,,False
country kitchen chicken jerky and sweet potato dog treats,dogs,/chicken-jerky-for-dogs/,20,,False
dehydrated chicken jerky dog treats,dogs,/chicken-jerky-for-dogs/,20,,False
dehydrated chicken jerky for dogs recipe,dogs,/chicken-jerky-for-dogs/,20,,False
diy chicken jerky dog treats,dogs,/chicken-jerky-for-dogs/,20,,False
diy chicken jerky for dogs,dogs,/chicken-jerky-for-dogs/,20,,False
diy dog chicken jerky,dogs,/chicken-jerky-for-dogs/,20,,False
dog chicken jerky air fryer,dogs,/chicken-jerky-for-dogs/,20,,False
dog chicken jerky dehydrator,dogs,/chicken-jerky-for-dogs/,20,,False
dog chicken jerky from china,dogs,/chicken-jerky-for-dogs/,20,,False
dog chicken jerky recall,dogs,/chicken-jerky-for-dogs/,20,,False
dog chicken jerky recipe dehydrator,dogs,/chicken-jerky-for-dogs/,20,,False
dog chicken jerky treats made in usa,dogs,/chicken-jerky-for-dogs/,20,,False
dog chicken jerky treats recall,dogs,/chicken-jerky-for-dogs/,20,,False
dog deaths chicken jerky,dogs,/chicken-jerky-for-dogs/,20,,False
dog deaths from chicken jerky,dogs,/chicken-jerky-for-dogs/,20,,False
dog treat chicken jerky recall,dogs,/chicken-jerky-for-dogs/,20,,False
dog treats chicken jerky recipe,dogs,/chicken-jerky-for-dogs/,20,,False
dogs chicken jerky china,dogs,/chicken-jerky-for-dogs/,20,,False
dogs heart chicken jerky treats,dogs,/chicken-jerky-for-dogs/,20,,False
dogs love chicken jerky,dogs,/chicken-jerky-for-dogs/,20,,False
dogs love chicken jerky treats recall,dogs,/chicken-jerky-for-dogs/,20,,False
dogswell chicken jerky,dogs,/chicken-jerky-for-dogs/,20,,False
downtown barkery air-dried chicken jerky stick dog treats,dogs,/chicken-jerky-for-dogs/,20,,False
dried chicken jerky dog treats,dogs,/chicken-jerky-for-dogs/,20,,False
fanconi syndrome dogs chicken jerky,dogs,/chicken-jerky-for-dogs/,20,,False
farm hounds chicken jerky dog treats,dogs,/chicken-jerky-for-dogs/,20,,False
good dog chicken jerky bars,dogs,/chicken-jerky-for-dogs/,20,,False
healthy chicken jerky for dogs,dogs,/chicken-jerky-for-dogs/,20,,False
heb chicken jerky for dogs,dogs,/chicken-jerky-for-dogs/,20,,False
heb texas pets chicken jerky,dogs,/chicken-jerky-for-dogs/,20,,False
hill's science diet natural chicken jerky mini strips dog treats,dogs,/chicken-jerky-for-dogs/,20,,False
homemade chicken jerky dog treats,dogs,/chicken-jerky-for-dogs/,20,,False
homemade chicken jerky for dogs dehydrator,dogs,/chicken-jerky-for-dogs/,20,,False
homemade chicken jerky for dogs in oven,dogs,/chicken-jerky-for-dogs/,20,,False
homemade chicken jerky for dogs recipe,dogs,/chicken-jerky-for-dogs/,20,,False
homemade chicken jerky recipe for dogs,dogs,/chicken-jerky-for-dogs/,20,,False
homemade chicken jerky treats for dogs,dogs,/chicken-jerky-for-dogs/,20,,False
homemade dog treats chicken jerky,dogs,/chicken-jerky-for-dogs/,20,,False
how do i make chicken jerky for my dog,dogs,/chicken-jerky-for-dogs/,20,,True
how to make chicken jerky dog treats,dogs,/chicken-jerky-for-dogs/,20,,True
how to make chicken jerky dog treats in dehydrator,dogs,/chicken-jerky-for-dogs/,20,,True
how to make chicken jerky for dogs in a dehydrator,dogs,/chicken-jerky-for-dogs/,20,,True
how to make chicken jerky for dogs in air fryer,dogs,/chicken-jerky-for-dogs/,20,,True
how to make chicken jerky for dogs in dehydrator,dogs,/chicken-jerky-for-dogs/,20,,True
how to make chicken jerky for dogs in oven,dogs,/chicken-jerky-for-dogs/,20,,True
how to make chicken jerky for dogs in the oven,dogs,/chicken-jerky-for-dogs/,20,,True
how to make chicken jerky for my dog,dogs,/chicken-jerky-for-dogs/,20,,True
how to make chicken jerky for your dog,dogs,/chicken-jerky-for-dogs/,20,,True
how to make chicken jerky in the oven for dogs,dogs,/chicken-jerky-for-dogs/,20,,True
how to make chicken jerky treats for dogs,dogs,/chicken-jerky-for-dogs/,20,,True
how to make dog treats chicken jerky,dogs,/chicken-jerky-for-dogs/,20,,True
how to make homemade chicken jerky for dogs,dogs,/chicken-jerky-for-dogs/,20,,True
how to make homemade chicken jerky treats for dogs,dogs,/chicken-jerky-for-dogs/,20,,True
is homemade chicken jerky safe for dogs,dogs,/chicken-jerky-for-dogs/,20,,True
kingdom pets chicken jerky recall,dogs,/chicken-jerky-for-dogs/,20,,False
kirkland chicken jerky dog treats,dogs,/chicken-jerky-for-dogs/,20,,False
kirkland jerky treats for dogs chicken recipe,dogs,/chicken-jerky-for-dogs/,20,,False
kona's chips chicken jerky dog treats,dogs,/chicken-jerky-for-dogs/,20,,False
make chicken jerky for dogs,dogs,/chicken-jerky-for-dogs/,20,,False
make your own chicken jerky for dogs,dogs,/chicken-jerky-for-dogs/,20,,False
making chicken jerky dog treats,dogs,/chicken-jerky-for-dogs/,20,,False
making chicken jerky for dogs,dogs,/chicken-jerky-for-dogs/,20,,False
making chicken jerky for dogs in dehydrator,dogs,/chicken-jerky-for-dogs/,20,,False
making chicken jerky for dogs in oven,dogs,/chicken-jerky-for-dogs/,20,,False
member's mark chicken jerky dog treats,dogs,/chicken-jerky-for-dogs/,20,,False
member's mark chicken jerky for dogs,dogs,/chicken-jerky-for-dogs/,20,,False
member's mark chicken jerky recipe dog treats,dogs,/chicken-jerky-for-dogs/,20,,False
members mark chicken jerky dog treats,dogs,/chicken-jerky-for-dogs/,20,,False
my dog ate a whole bag of chicken jerky,dogs,/chicken-jerky-for-dogs/,20,,False
natural chicken jerky dog treats,dogs,/chicken-jerky-for-dogs/,20,,False
natural chicken jerky for dogs,dogs,/chicken-jerky-for-dogs/,20,,False
nudges chicken jerky dog treats,dogs,/chicken-jerky-for-dogs/,20,,False
nudges health wellness chicken jerky dog treats 40 oz,dogs,/chicken-jerky-for-dogs/,20,,False
organic chicken jerky dog treats,dogs,/chicken-jerky-for-dogs/,20,,False
organic chicken jerky for dogs,dogs,/chicken-jerky-for-dogs/,20,,False
pawmate chicken jerky dog treats,dogs,/chicken-jerky-for-dogs/,20,,False
pet chicken jerky,dogs,/chicken-jerky-for-dogs/,20,,False
pet pride chicken jerky recall,dogs,/chicken-jerky-for-dogs/,20,,False
pet pride chicken jerky review,dogs,/chicken-jerky-for-dogs/,20,,False
pet pride chicken jerky reviews,dogs,/chicken-jerky-for-dogs/,20,,False
pet pride chicken jerky treats for dogs,dogs,/chicken-jerky-for-dogs/,20,,False
pet shoppe chicken jerky,dogs,/chicken-jerky-for-dogs/,20,,False
pet shoppe chicken jerky recall,dogs,/chicken-jerky-for-dogs/,20,,False
petco chicken jerky,dogs,/chicken-jerky-for-dogs/,20,,False
petshoppe premium chicken jerky,dogs,/chicken-jerky-for-dogs/,20,,False
petsmart chicken jerky,dogs,/chicken-jerky-for-dogs/,20,,False
preen pets chicken jerky,dogs,/chicken-jerky-for-dogs/,20,,False
purebites chicken jerky dog treats,dogs,/chicken-jerky-for-dogs/,20,,False
recall chicken jerky dog treats,dogs,/chicken-jerky-for-dogs/,20,,False
recall dog chicken jerky,dogs,/chicken-jerky-for-dogs/,20,,False
recall dog treats chicken jerky,dogs,/chicken-jerky-for-dogs/,20,,False
recall on chicken jerky for dogs,dogs,/chicken-jerky-for-dogs/,20,,False
recipe chicken jerky dog treats,dogs,/chicken-jerky-for-dogs/,20,,False
safe chicken jerky for dogs,dogs,/chicken-jerky-for-dogs/,20,,False
smoked chicken jerky for dogs,dogs,/chicken-jerky-for-dogs/,20,,False
soft chicken jerky for dogs,dogs,/chicken-jerky-for-dogs/,20,,False
spc chicken jerky for dogs,dogs,/chicken-jerky-for-dogs/,20,,False
top chews chicken jerky dog treats,dogs,/chicken-jerky-for-dogs/,20,,False
top chews chicken jerky fillets recipe 100 natural dog treats,dogs,/chicken-jerky-for-dogs/,20,,False
top chews chicken jerky for dogs,dogs,/chicken-jerky-for-dogs/,20,,False
top chews naturals chicken jerky recipe dog treats,dogs,/chicken-jerky-for-dogs/,20,,False
toxic chicken jerky dog treats,dogs,/chicken-jerky-for-dogs/,20,,False
trader joe's chicken jerky dog treats,dogs,/chicken-jerky-for-dogs/,20,,False
trader joe's chicken jerky for dogs,dogs,/chicken-jerky-for-dogs/,20,,False
trader joe's dog chicken jerky,dogs,/chicken-jerky-for-dogs/,20,,False
true chews premium jerky cuts with real chicken dog treats,dogs,/chicken-jerky-for-dogs/,20,,False
walgreens chicken jerky dog treats,dogs,/chicken-jerky-for-dogs/,20,,False
wellness good dog chicken jerky bars,dogs,/chicken-jerky-for-dogs/,20,,False
why is chicken jerky bad for dogs,dogs,/chicken-jerky-for-dogs/,20,,True
authority dog treats chicken jerky,dogs,/chicken-jerky-for-dogs/,10,,False
chicken jerky dangerous for dogs,dogs,/chicken-jerky-for-dogs/,10,,False
chicken jerky dog recipe,dogs,/chicken-jerky-for-dogs/,10,,False
chicken jerky dog treats poison,dogs,/chicken-jerky-for-dogs/,10,,False
chicken jerky dog treats symptoms,dogs,/chicken-jerky-for-dogs/,10,,False
chicken jerky dogs 16oz pack,dogs,/chicken-jerky-for-dogs/,10,,False
chicken jerky for dogs at home,dogs,/chicken-jerky-for-dogs/,10,,False
chicken jerky for dogs bulk,dogs,/chicken-jerky-for-dogs/,10,,False
chicken jerky from china bad for dogs,dogs,/chicken-jerky-for-dogs/,10,,False
chicken jerky kingdom pets,dogs,/chicken-jerky-for-dogs/,10,,False
chicken jerky making dogs sick,dogs,/chicken-jerky-for-dogs/,10,,False
chicken jerky recipes for dogs,dogs,/chicken-jerky-for-dogs/,10,,False
chicken jerky treats china,dogs,/chicken-jerky-for-dogs/,10,,False
chicken jerky treats from china,dogs,/chicken-jerky-for-dogs/,10,,False
chicken jerky treats killing dogs 2021,dogs,/chicken-jerky-for-dogs/,10,,False
chicken jerky treats made in usa,dogs,/chicken-jerky-for-dogs/,10,,False
dog chicken jerky made in usa,dogs,/chicken-jerky-for-dogs/,10,,False
dogswell hip and joint jerky chicken recipe,dogs,/chicken-jerky-for-dogs/,10,,False
dogswell vitality chicken breast jerky,dogs,/chicken-jerky-for-dogs/,10,,False
how to make chicken jerky dog treats in oven,dogs,/chicken-jerky-for-dogs/,10,,True
how to make dehydrated chicken jerky for dogs,dogs,/chicken-jerky-for-dogs/,10,,True
member's mark chicken jerky recipe dog treats 3 lb,dogs,/chicken-jerky-for-dogs/,10,,False
mika & sammy's smoked chicken jerky tenders dog treats,dogs,/chicken-jerky-for-dogs/,10,,False
nudges chicken jerky treats,dogs,/chicken-jerky-for-dogs/,10,,False
nudges health and wellness chicken jerky dog treats,dogs,/chicken-jerky-for-dogs/,10,,False
nudges health and wellness chicken jerky dog treats 36 oz,dogs,/chicken-jerky-for-dogs/,10,,False
pet shoppe premium chicken jerky recall,dogs,/chicken-jerky-for-dogs/,10,,False
poisonous chicken jerky dog treats,dogs,/chicken-jerky-for-dogs/,10,,False
safe chicken jerky dog treats,dogs,/chicken-jerky-for-dogs/,10,,False
safe chicken jerky treats for dogs,dogs,/chicken-jerky-for-dogs/,10,,False
single ingredient chicken jerky for dogs,dogs,/chicken-jerky-for-dogs/,10,,False
usa made chicken jerky for dogs,dogs,/chicken-jerky-for-dogs/,10,,False
waggin' train chicken jerky tenders dog treats,dogs,/chicken-jerky-for-dogs/,10,,False
wellness core power packed chicken grain free jerky dog treats,dogs,/chicken-jerky-for-dogs/,10,,False
chicken jerky,humans,/chicken-jerky/,5400,24.0,False
chicken jerky recipe,humans,/chicken-jerky/,1000,20.0,False
canine chicken jerky,humans,/chicken-jerky/,590,6.0,False
chicken jerky for humans,humans,/chicken-jerky/,590,8.0,False
making chicken jerky,humans,/chicken-jerky/,480,17.0,False
chicken jerky for people,humans,/chicken-jerky/,390,9.0,False
chicken.jerky,humans,/chicken-jerky/,390,,False
how to make chicken jerky,humans,/chicken-jerky/,390,17.0,True
chicken jerky recipes,humans,/chicken-jerky/,320,23.0,False
chicken jerky sticks,humans,/chicken-jerky/,320,23.0,False
jerky chicken,humans,/chicken-jerky/,320,26.0,False
jerky chicken breast,humans,/chicken-jerky/,260,23.0,False
chicken jerky meme,humans,/chicken-jerky/,210,24.0,False
how do i make chicken jerky,humans,/chicken-jerky/,210,18.0,True
can you make chicken jerky,humans,/chicken-jerky/,170,17.0,True
chicken jerky minecraft,humans,/chicken-jerky/,170,27.0,False
how do you make chicken jerky,humans,/chicken-jerky/,170,21.0,True
make chicken jerky,humans,/chicken-jerky/,170,31.0,False
chicken jerky dehydrator,humans,/chicken-jerky/,140,16.0,False
wicked cutz sweet & savory chicken jerky,humans,/chicken-jerky/,140,,False
buffalo chicken jerky,humans,/chicken-jerky/,110,2.0,False
homemade chicken jerky,humans,/chicken-jerky/,110,26.0,False
lee's market original chicken jerky,humans,/chicken-jerky/,110,,False
top chews chicken jerky,humans,/chicken-jerky/,110,26.0,False
chicken jerky humans,humans,/chicken-jerky/,90,,False
chicken jerky recipe dehydrator,humans,/chicken-jerky/,90,18.0,False
chicken jerky stick,humans,/chicken-jerky/,90,17.0,False
food dehydrator chicken jerky,humans,/chicken-jerky/,90,12.0,False
nudges chicken jerky,humans,/chicken-jerky/,90,20.0,False
teriyaki chicken jerky,humans,/chicken-jerky/,90,5.0,False
blue buffalo chicken jerky,humans,/chicken-jerky/,70,21.0,False
chicken breast jerky,humans,/chicken-jerky/,70,14.0,False
chicken jerky homemade,humans,/chicken-jerky/,70,19.0,False
chicken jerky marinade,humans,/chicken-jerky/,70,9.0,False
chicken jerky teriyaki,humans,/chicken-jerky/,70,5.0,False
chicken teriyaki jerky,humans,/chicken-jerky/,70,4.0,False
dehydrated chicken jerky recipe,humans,/chicken-jerky/,70,17.0,False
dehydrator chicken jerky,humans,/chicken-jerky/,70,13.0,False
food dehydrator chicken jerky recipes,humans,/chicken-jerky/,70,11.0,False
pur luv chicken jerky,humans,/chicken-jerky/,70,20.0,False
chicken beef jerky,humans,/chicken-jerky/,50,22.0,False
chicken jerky in a dehydrator,humans,/chicken-jerky/,50,12.0,False
chicken jerky in dehydrator,humans,/chicken-jerky/,50,10.0,False
chicken jerky in oven,humans,/chicken-jerky/,50,24.0,False
chicken jerky in the oven,humans,/chicken-jerky/,50,16.0,False
dehydrated chicken jerky,humans,/chicken-jerky/,50,13.0,False
ground chicken jerky recipe,humans,/chicken-jerky/,50,17.0,False
how do you make chicken jerky in a dehydrator,humans,/chicken-jerky/,50,,True
how to make chicken jerky dehydrator,humans,/chicken-jerky/,50,,True
how to make chicken jerky in dehydrator,humans,/chicken-jerky/,50,,True
is chicken jerky a thing,humans,/chicken-jerky/,50,18.0,True
mighty spark chicken jerky,humans,/chicken-jerky/,50,15.0,False
two chicks jerky,humans,/chicken-jerky/,50,14.0,False
usa-made air-dried chicken and bone broth jerky bites,humans,/chicken-jerky/,50,,False
wicked cutz chicken jerky,humans,/chicken-jerky/,50,,False
air fryer chicken jerky,humans,/chicken-jerky/,40,18.0,False
best chicken jerky,humans,/chicken-jerky/,40,9.0,False
best chicken jerky for humans,humans,/chicken-jerky/,40,2.0,False
chewy chicken jerky,humans,/chicken-jerky/,40,23.0,False
chicken jerky chicken jockey,humans,/chicken-jerky/,40,22.0,False
chicken jerky in air fryer,humans,/chicken-jerky/,40,17.0,False
chicken jerky sticks for humans,humans,/chicken-jerky/,40,,False
chicken of the woods jerky,humans,/chicken-jerky/,40,6.0,False
chicken sticks jerky,humans,/chicken-jerky/,40,,False
country kitchen chicken jerky tenders,humans,/chicken-jerky/,40,8.0,False
how to make chicken jerky in air fryer,humans,/chicken-jerky/,40,19.0,True
how to make chicken jerky in the oven,humans,/chicken-jerky/,40,20.0,True
jerky jerk chicken,humans,/chicken-jerky/,40,,False
smoked chicken jerky,humans,/chicken-jerky/,40,1.0,False
spc chicken jerky,humans,/chicken-jerky/,40,3.0,False
two chicks beef jerky,humans,/chicken-jerky/,40,12.0,False
tylees chicken jerky,humans,/chicken-jerky/,40,13.0,False
bbq chicken jerky,humans,/chicken-jerky/,30,,False
beef jerky chicken,humans,/chicken-jerky/,30,13.0,False
buffalo chicken jerky stick,humans,/chicken-jerky/,30,,False
can you make jerky out of chicken,humans,/chicken-jerky/,30,,True
chef's cut chicken jerky,humans,/chicken-jerky/,30,10.0,False
chicken jerky box subscription,humans,/chicken-jerky/,30,,False
chicken jerky for humans recipe,humans,/chicken-jerky/,30,,False
chicken jerky marinade recipe,humans,/chicken-jerky/,30,,False
chicken jerky recipes for dehydrators,humans,/chicken-jerky/,30,,False
chicken jerky subscription,humans,/chicken-jerky/,30,,False
chicken of the woods jerky recipe dehydrator,humans,/chicken-jerky/,30,,False
chicken stick jerky,humans,/chicken-jerky/,30,,False
gluten free chicken jerky,humans,/chicken-jerky/,30,,False
how long to dehydrate chicken jerky,humans,/chicken-jerky/,30,,True
is chicken jerky good,humans,/chicken-jerky/,30,,True
is chicken jerky healthy,humans,/chicken-jerky/,30,,True
is there chicken jerky,humans,/chicken-jerky/,30,,True
jerkies chicken,humans,/chicken-jerky/,30,,False
paleo chicken jerky,humans,/chicken-jerky/,30,,False
pawmate chicken jerky,humans,/chicken-jerky/,30,22.0,False
trader joe's chicken jerky,humans,/chicken-jerky/,30,,False
tylee's chicken jerky,humans,/chicken-jerky/,30,9.0,False
waggin tails chicken jerky,humans,/chicken-jerky/,30,,False
4health untamed chicken jerky,humans,/chicken-jerky/,20,,False
a jerky chicken,humans,/chicken-jerky/,20,,False
air fryer chicken jerky recipe,humans,/chicken-jerky/,20,,False
all natural chicken jerky,humans,/chicken-jerky/,20,,False
american paws chicken jerky,humans,/chicken-jerky/,20,,False
bark chicken jerky,humans,/chicken-jerky/,20,,False
barkbox chicken jerky,humans,/chicken-jerky/,20,,False
barkworthies chicken jerky,humans,/chicken-jerky/,20,,False
bbq chicken jerky recipe,humans,/chicken-jerky/,20,,False
beefeaters chicken jerky,humans,/chicken-jerky/,20,,False
beefeaters chicken jerky strips,humans,/chicken-jerky/,20,,False
best chicken jerky recipe,humans,/chicken-jerky/,20,,False
best dehydrator for chicken jerky,humans,/chicken-jerky/,20,,False
betsy farms chicken jerky,humans,/chicken-jerky/,20,,False
bixbi chicken jerky,humans,/chicken-jerky/,20,,False
blue buffalo chicken jerky recall,humans,/chicken-jerky/,20,,False
blue buffalo recall chicken jerky,humans,/chicken-jerky/,20,,False
blue buffalo top chews chicken jerky,humans,/chicken-jerky/,20,,False
blue chicken jerky,humans,/chicken-jerky/,20,,False
blue moon chicken jerky,humans,/chicken-jerky/,20,,False
blue top chews chicken jerky,humans,/chicken-jerky/,20,,False
blue top chews naturals chicken jerky,humans,/chicken-jerky/,20,,False
blue wilderness chicken jerky,humans,/chicken-jerky/,20,,False
buffalo chicken jerky oberto,humans,/chicken-jerky/,20,,False
buffalo chicken jerky recipe,humans,/chicken-jerky/,20,,False
buffalo chicken jerky recipe dehydrator,humans,/chicken-jerky/,20,,False
buffalo style chicken jerky,humans,/chicken-jerky/,20,,False
butcher bar chicken jerky,humans,/chicken-jerky/,20,,False
buy chicken jerky,humans,/chicken-jerky/,20,,False
cadet chicken jerky,humans,/chicken-jerky/,20,,False
calories in chicken jerky,humans,/chicken-jerky/,20,,False
can cats eat chicken jerky,humans,/chicken-jerky/,20,,True
can cats have chicken jerky,humans,/chicken-jerky/,20,,True
can i make chicken jerky,humans,/chicken-jerky/,20,,True
can you eat chicken jerky,humans,/chicken-jerky/,20,,True
can you jerky chicken,humans,/chicken-jerky/,20,,True
can you make chicken jerky in a dehydrator,humans,/chicken-jerky/,20,,True
can you make chicken jerky in an air fryer,humans,/chicken-jerky/,20,,True
can you make chicken jerky in dehydrator,humans,/chicken-jerky/,20,,True
can you make jerky from chicken,humans,/chicken-jerky/,20,,True
can you make jerky with chicken,humans,/chicken-jerky/,20,,True
carolina prime chicken dental jerky,humans,/chicken-jerky/,20,,False
caveman chicken jerky,humans,/chicken-jerky/,20,,False
chef's cut buffalo chicken jerky,humans,/chicken-jerky/,20,,False
chef's cut buffalo style chicken jerky,humans,/chicken-jerky/,20,,False
chef's cut real chicken jerky,humans,/chicken-jerky/,20,,False
chef's cut real smoked chicken breast honey barbecue jerky,humans,/chicken-jerky/,20,,False
cherry chicken jerky,humans,/chicken-jerky/,20,,False
chewmaster chicken jerky,humans,/chicken-jerky/,20,,False
chewmasters chicken jerky,humans,/chicken-jerky/,20,,False
chicken bites jerky,humans,/chicken-jerky/,20,,False
chicken breast jerky recipe,humans,/chicken-jerky/,20,,False
chicken gizzard jerky,humans,/chicken-jerky/,20,,False
chicken heart jerky,humans,/chicken-jerky/,20,,False
chicken jalapeno jerky,humans,/chicken-jerky/,20,,False
chicken jerky air fryer,humans,/chicken-jerky/,20,,False
chicken jerky air fryer dehydrator,humans,/chicken-jerky/,20,,False
chicken jerky bites,humans,/chicken-jerky/,20,,False
chicken jerky calories,humans,/chicken-jerky/,20,,False
chicken jerky china,humans,/chicken-jerky/,20,,False
chicken jerky dehydrator temperature,humans,/chicken-jerky/,20,,False
chicken jerky dehydrator time,humans,/chicken-jerky/,20,,False
chicken jerky for cats,humans,/chicken-jerky/,20,,False
chicken jerky for cats recipe,humans,/chicken-jerky/,20,,False
chicken jerky for human consumption,humans,/chicken-jerky/,20,,False
chicken jerky for puppies,humans,/chicken-jerky/,20,,False
chicken jerky from china,humans,/chicken-jerky/,20,,False
chicken jerky from minecraft,humans,/chicken-jerky/,20,,False
chicken jerky healthy,humans,/chicken-jerky/,20,,False
chicken jerky in electric smoker,humans,/chicken-jerky/,20,,False
chicken jerky in smoker,humans,/chicken-jerky/,20,,False
chicken jerky india,humans,/chicken-jerky/,20,,False
chicken jerky jamaica,humans,/chicken-jerky/,20,,False
chicken jerky jamaican recipe,humans,/chicken-jerky/,20,,False
chicken jerky made in usa,humans,/chicken-jerky/,20,,False
chicken jerky meaning,humans,/chicken-jerky/,20,,False
chicken jerky minecraft meme,humans,/chicken-jerky/,20,,False
chicken jerky minecraft movie,humans,/chicken-jerky/,20,,False
chicken jerky name soundalike,humans,/chicken-jerky/,20,,False
chicken jerky near me,humans,/chicken-jerky/,20,,False
chicken jerky nutrition,humans,/chicken-jerky/,20,,False
chicken jerky nutrition facts,humans,/chicken-jerky/,20,,False
chicken jerky of the month,humans,/chicken-jerky/,20,,False
chicken jerky oven recipe,humans,/chicken-jerky/,20,,False
chicken jerky oven temperature,humans,/chicken-jerky/,20,,False
chicken jerky protein,humans,/chicken-jerky/,20,,False
chicken jerky protein per 100g,humans,/chicken-jerky/,20,,False
chicken jerky recall,humans,/chicken-jerky/,20,,False
chicken jerky recipe air fryer,humans,/chicken-jerky/,20,,False
chicken jerky recipe food dehydrator,humans,/chicken-jerky/,20,,False
chicken jerky recipe for humans,humans,/chicken-jerky/,20,,False
chicken jerky recipe in dehydrator,humans,/chicken-jerky/,20,,False
chicken jerky recipe oven,humans,/chicken-jerky/,20,,False
chicken jerky recipe smoker,humans,/chicken-jerky/,20,,False
chicken jerky reddit,humans,/chicken-jerky/,20,,False
chicken jerky safe,humans,/chicken-jerky/,20,,False
chicken jerky salmonella,humans,/chicken-jerky/,20,,False
chicken jerky seasoning,humans,/chicken-jerky/,20,,False
chicken jerky slang,humans,/chicken-jerky/,20,,False
chicken jerky smoker,humans,/chicken-jerky/,20,,False
chicken jerky strips,humans,/chicken-jerky/,20,,False
chicken jerky temperature,humans,/chicken-jerky/,20,,False
chicken jerky tenders,humans,/chicken-jerky/,20,,False
chicken jerky usa,humans,/chicken-jerky/,20,,False
chicken jerky vs beef jerky,humans,/chicken-jerky/,20,,False
chicken jockey chicken jerky,humans,/chicken-jerky/,20,,False
chicken jockey jerky,humans,/chicken-jerky/,20,,False
chicken liver jerky,humans,/chicken-jerky/,20,,False
chicken maple jerky,humans,/chicken-jerky/,20,,False
chicken maple jerky sticks,humans,/chicken-jerky/,20,,False
chicken of the woods jerky recipe,humans,/chicken-jerky/,20,,False
chicken of the woods mushroom jerky,humans,/chicken-jerky/,20,,False
chicken of the woods mushroom jerky recipe,humans,/chicken-jerky/,20,,False
chicken skin jerky,humans,/chicken-jerky/,20,,False
chicken sriracha jerky,humans,/chicken-jerky/,20,,False
chicken thigh jerky,humans,/chicken-jerky/,20,,False
chicken thigh jerky recipe,humans,/chicken-jerky/,20,,False
chinese chicken jerky,humans,/chicken-jerky/,20,,False
dehydrator chicken jerky recipes,humans,/chicken-jerky/,20,,False
diy chicken jerky,humans,/chicken-jerky/,20,,False
does chicken jerky exist,humans,/chicken-jerky/,20,,True
doki chicken jerky,humans,/chicken-jerky/,20,,False
dried chicken jerky,humans,/chicken-jerky/,20,,False
easy chicken jerky recipe,humans,/chicken-jerky/,20,,False
epic chicken jerky,humans,/chicken-jerky/,20,,False
epic sriracha chicken jerky,humans,/chicken-jerky/,20,,False
fanconi syndrome chicken jerky,humans,/chicken-jerky/,20,,False
flock chicken jerky,humans,/chicken-jerky/,20,,False
great choice chewy chicken jerky,humans,/chicken-jerky/,20,,False
great choice chicken jerky,humans,/chicken-jerky/,20,,False
great choice chicken jerky recall,humans,/chicken-jerky/,20,,False
ground chicken jerky,humans,/chicken-jerky/,20,,False
ground chicken jerky recipe dehydrator,humans,/chicken-jerky/,20,,False
halal chicken jerky,humans,/chicken-jerky/,20,,False
happy hips chicken jerky,humans,/chicken-jerky/,20,,False
hartwick fields chicken jerky,humans,/chicken-jerky/,20,,False
hartwick fields sliced chicken breast jerky,humans,/chicken-jerky/,20,,False
healthy chicken jerky,humans,/chicken-jerky/,20,,False
healthy chicken jerky recipe,humans,/chicken-jerky/,20,,False
heartland farms chicken jerky,humans,/chicken-jerky/,20,,False
hillside farms chicken jerky,humans,/chicken-jerky/,20,,False
homemade chicken jerky dehydrator,humans,/chicken-jerky/,20,,False
homemade chicken jerky for humans,humans,/chicken-jerky/,20,,False
homemade chicken jerky in oven,humans,/chicken-jerky/,20,,False
homemade chicken jerky recipe,humans,/chicken-jerky/,20,,False
how is chicken jerky made,humans,/chicken-jerky/,20,,True
how long do you dehydrate chicken jerky,humans,/chicken-jerky/,20,,True
how long does chicken jerky last,humans,/chicken-jerky/,20,,True
how long does homemade chicken jerky last,humans,/chicken-jerky/,20,,True
how to dehydrate chicken jerky,humans,/chicken-jerky/,20,,True
how to make chicken jerky at home,humans,/chicken-jerky/,20,,True
how to make chicken jerky for humans,humans,/chicken-jerky/,20,,True
how to make chicken jerky for people,humans,/chicken-jerky/,20,,True
how to make chicken jerky in a food dehydrator,humans,/chicken-jerky/,20,,True
how to make chicken jerky in a smoker,humans,/chicken-jerky/,20,,True
how to make chicken jerky in an air fryer,humans,/chicken-jerky/,20,,True
how to make chicken jerky in the dehydrator,humans,/chicken-jerky/,20,,True
how to make chicken jerky oven,humans,/chicken-jerky/,20,,True
how to make chicken jerky without a dehydrator,humans,/chicken-jerky/,20,,True
how to make homemade chicken jerky,humans,/chicken-jerky/,20,,True
how to make your own chicken jerky,humans,/chicken-jerky/,20,,True
is chicken jerky good for you,humans,/chicken-jerky/,20,,True
is chicken jerky safe,humans,/chicken-jerky/,20,,True
is chicken jerky safe for humans,humans,/chicken-jerky/,20,,True
is chicken jerky safe to eat,humans,/chicken-jerky/,20,,True
jack and pup chicken jerky,humans,/chicken-jerky/,20,,False
jalapeno chicken jerky,humans,/chicken-jerky/,20,,False
jamaican chicken jerky,humans,/chicken-jerky/,20,,False
jerk chicken jerky,humans,/chicken-jerky/,20,,False
jerky chicken recipes,humans,/chicken-jerky/,20,,False
jinx bites chicken jerky,humans,/chicken-jerky/,20,,False
keto chicken jerky,humans,/chicken-jerky/,20,,False
keto chicken jerky recipe,humans,/chicken-jerky/,20,,False
kindful chicken jerky,humans,/chicken-jerky/,20,,False
kindfull chicken jerky,humans,/chicken-jerky/,20,,False
krave chicken jerky,humans,/chicken-jerky/,20,,False
lemon pepper chicken jerky recipe,humans,/chicken-jerky/,20,,False
lorissa's kitchen chicken jerky,humans,/chicken-jerky/,20,,False
low sodium chicken jerky,humans,/chicken-jerky/,20,,False
low sodium chicken jerky recipe,humans,/chicken-jerky/,20,,False
make chicken jerky food dehydrator,humans,/chicken-jerky/,20,,False
make chicken jerky in air fryer,humans,/chicken-jerky/,20,,False
make your own chicken jerky,humans,/chicken-jerky/,20,,False
making chicken jerky in a dehydrator,humans,/chicken-jerky/,20,,False
making chicken jerky in dehydrator,humans,/chicken-jerky/,20,,False
making chicken jerky in the oven,humans,/chicken-jerky/,20,,False
making chicken jerky with a dehydrator,humans,/chicken-jerky/,20,,False
maple chicken jerky,humans,/chicken-jerky/,20,,False
marinade for chicken jerky,humans,/chicken-jerky/,20,,False
member's mark chicken jerky,humans,/chicken-jerky/,20,,False
member's mark chicken jerky recall,humans,/chicken-jerky/,20,,False
members mark chicken jerky,humans,/chicken-jerky/,20,,False
members mark chicken jerky recall,humans,/chicken-jerky/,20,,False
newman's own chicken jerky,humans,/chicken-jerky/,20,,False
ninja foodi chicken jerky,humans,/chicken-jerky/,20,,False
nom nom chicken jerky,humans,/chicken-jerky/,20,,False
nudges chicken jerky cuts,humans,/chicken-jerky/,20,,False
nudges chicken jerky cuts 40 oz,humans,/chicken-jerky/,20,,False
nudges chicken jerky recall,humans,/chicken-jerky/,20,,False
nudges jerky bites chicken,humans,/chicken-jerky/,20,,False
nudges jerky cuts chicken,humans,/chicken-jerky/,20,,False
oberto buffalo chicken jerky,humans,/chicken-jerky/,20,,False
oberto chicken jerky,humans,/chicken-jerky/,20,,False
ol roy jerky sticks chicken,humans,/chicken-jerky/,20,,False
organic chicken jerky,humans,/chicken-jerky/,20,,False
organic chicken jerky for humans,humans,/chicken-jerky/,20,,False
pawmate chicken jerky recall,humans,/chicken-jerky/,20,,False
plain chicken jerky,humans,/chicken-jerky/,20,,False
pupford chicken jerky,humans,/chicken-jerky/,20,,False
pur love chicken jerky,humans,/chicken-jerky/,20,,False
pur love chicken jerky recall,humans,/chicken-jerky/,20,,False
pure being super chicken jerky,humans,/chicken-jerky/,20,,False
purebites chicken jerky,humans,/chicken-jerky/,20,,False
purina chicken jerky,humans,/chicken-jerky/,20,,False
recall chicken jerky,humans,/chicken-jerky/,20,,False
recall on chicken jerky,humans,/chicken-jerky/,20,,False
recipe for chicken jerky,humans,/chicken-jerky/,20,,False
redford chicken jerky,humans,/chicken-jerky/,20,,False
redford naturals chicken jerky,humans,/chicken-jerky/,20,,False
savory prime chicken jerky,humans,/chicken-jerky/,20,,False
savory prime chicken jerky recall,humans,/chicken-jerky/,20,,False
science diet chicken jerky,humans,/chicken-jerky/,20,,False
shredded chicken jerky,humans,/chicken-jerky/,20,,False
simply nourish chicken jerky,humans,/chicken-jerky/,20,,False
simply snackin chicken jerky,humans,/chicken-jerky/,20,,False
smoked chicken jerky recipe,humans,/chicken-jerky/,20,,False
snif snax chicken jerky,humans,/chicken-jerky/,20,,False
solimo chicken jerky,humans,/chicken-jerky/,20,,False
solimo sweet potato and chicken jerky,humans,/chicken-jerky/,20,,False
spc chicken jerky recall,humans,/chicken-jerky/,20,,False
spicy chicken jerky,humans,/chicken-jerky/,20,,False
spicy chicken jerky recipe,humans,/chicken-jerky/,20,,False
spicy chicken jerky recipe dehydrator,humans,/chicken-jerky/,20,,False
spot farms chicken jerky,humans,/chicken-jerky/,20,,False
sriracha chicken jerky,humans,/chicken-jerky/,20,,False
sweet and spicy chicken jerky recipe,humans,/chicken-jerky/,20,,False
teriyaki chicken jerky recipe,humans,/chicken-jerky/,20,,False
top chew chicken jerky,humans,/chicken-jerky/,20,,False
top chews chicken jerky fillets,humans,/chicken-jerky/,20,,False
top chews chicken jerky recall,humans,/chicken-jerky/,20,,False
top chews naturals chicken jerky,humans,/chicken-jerky/,20,,False
trader joe's chicken recipe jerky sticks,humans,/chicken-jerky/,20,,False
traeger chicken jerky,humans,/chicken-jerky/,20,,False
true chew chicken jerky,humans,/chicken-jerky/,20,,False
true chews chicken jerky,humans,/chicken-jerky/,20,,False
true chews premium jerky cuts chicken,humans,/chicken-jerky/,20,,False
two hot chicks beef jerky,humans,/chicken-jerky/,20,,False
vietnamese chicken jerky,humans,/chicken-jerky/,20,,False
wag chicken jerky,humans,/chicken-jerky/,20,,False
waggin tails chicken jerky recall,humans,/chicken-jerky/,20,,False
waggin' train chicken jerky,humans,/chicken-jerky/,20,,False
wanpy chicken jerky,humans,/chicken-jerky/,20,,False
what does chicken jerky mean,humans,/chicken-jerky/,20,,True
what is a chicken jerky,humans,/chicken-jerky/,20,,True
what is chicken jerky,humans,/chicken-jerky/,20,,True
what temp to dehydrate chicken jerky,humans,/chicken-jerky/,20,,True
authority chicken jerky,humans,/chicken-jerky/,10,,False
buffalo chicken jerky chef's cut,humans,/chicken-jerky/,10,,False
can you make jerky out of chicken breast,humans,/chicken-jerky/,10,,True
cat chicken jerky,humans,/chicken-jerky/,10,,False
chef's cut chicken jerky buffalo,humans,/chicken-jerky/,10,,False
chewmasters chicken jerky recall,humans,/chicken-jerky/,10,,False
chicken beef jerky stick,humans,/chicken-jerky/,10,,False
chicken butt jerky,humans,/chicken-jerky/,10,,False
chicken jerky air fryer recipe,humans,/chicken-jerky/,10,,False
chicken jerky buy,humans,/chicken-jerky/,10,,False
chicken jerky chef's cut,humans,/chicken-jerky/,10,,False
chicken jerky chicken jockey meme,humans,/chicken-jerky/,10,,False
chicken jerky chips,humans,/chicken-jerky/,10,,False
chicken jerky dehydrator recipe,humans,/chicken-jerky/,10,,False
chicken jerky fillets,humans,/chicken-jerky/,10,,False
chicken jerky human,humans,/chicken-jerky/,10,,False
chicken jerky marinade recipes,humans,/chicken-jerky/,10,,False
chicken jerky meme minecraft,humans,/chicken-jerky/,10,,False
chicken jerky mighty spark,humans,/chicken-jerky/,10,,False
chicken jerky ninja foodi,humans,/chicken-jerky/,10,,False
chicken jerky nuggets,humans,/chicken-jerky/,10,,False
chicken jerky oven,humans,/chicken-jerky/,10,,False
chicken jerky product info and reviews,humans,/chicken-jerky/,10,,False
chicken jerky products,humans,/chicken-jerky/,10,,False
chicken jerky recipe for dehydrator,humans,/chicken-jerky/,10,,False
chicken jerky recipes for humans,humans,/chicken-jerky/,10,,False
chicken jerky rezept,humans,/chicken-jerky/,10,,False
chicken jerky snack,humans,/chicken-jerky/,10,,False
chicken jerky snacks,humans,/chicken-jerky/,10,,False
chicken jerky soundalike,humans,/chicken-jerky/,10,,False
chicken nugget jerky,humans,/chicken-jerky/,10,,False
chicken recipe jerky sticks,humans,/chicken-jerky/,10,,False
dexters chicken jerky,humans,/chicken-jerky/,10,,False
dingo market cuts chicken jerky 16 oz,humans,/chicken-jerky/,10,,False
do they make chicken jerky,humans,/chicken-jerky/,10,,True
earth animal chicken jerky,humans,/chicken-jerky/,10,,False
epic chicken jerky sriracha,humans,/chicken-jerky/,10,,False
food recalls issued for metal found in jerky and chicken,humans,/chicken-jerky/,10,,False
fruitables chicken jerky,humans,/chicken-jerky/,10,,False
golden nest chicken jerky,humans,/chicken-jerky/,10,,False
grass fed chicken jerky,humans,/chicken-jerky/,10,,False
great choice chewy chicken jerky recall,humans,/chicken-jerky/,10,,False
grreat choice chicken jerky,humans,/chicken-jerky/,10,,False
honey garlic chicken jerky,humans,/chicken-jerky/,10,,False
honey garlic chicken jerky air fryer,humans,/chicken-jerky/,10,,False
how to make chicken jerky in a dehydrator,humans,/chicken-jerky/,10,,True
how to make chicken jerky in oven,humans,/chicken-jerky/,10,,True
how to make jerky chicken,humans,/chicken-jerky/,10,,True
indiana chicken jerky,humans,/chicken-jerky/,10,,False
is there such a thing as chicken jerky,humans,/chicken-jerky/,10,,True
is there such thing as chicken jerky,humans,/chicken-jerky/,10,,True
jamaican chicken jerky recipe,humans,/chicken-jerky/,10,,False
jerhigh chicken jerky,humans,/chicken-jerky/,10,,False
jerkies chicken menu,humans,/chicken-jerky/,10,,False
jerky chicken recipe,humans,/chicken-jerky/,10,,False
jerky chicken wings,humans,/chicken-jerky/,10,,False
kingdom chicken jerky,humans,/chicken-jerky/,10,,False
kona's chips chicken jerky,humans,/chicken-jerky/,10,,False
lily's kitchen chicken jerky,humans,/chicken-jerky/,10,,False
merrick chicken jerky,humans,/chicken-jerky/,10,,False
microwave chicken jerky,humans,/chicken-jerky/,10,,False
nudges health and wellness chicken jerky,humans,/chicken-jerky/,10,,False
open nature chicken jerky,humans,/chicken-jerky/,10,,False
oven chicken jerky,humans,/chicken-jerky/,10,,False
paleo chicken jerky recipe,humans,/chicken-jerky/,10,,False
recipe chicken jerky,humans,/chicken-jerky/,10,,False
recipes for chicken jerky,humans,/chicken-jerky/,10,,False
savory chicken jerky,humans,/chicken-jerky/,10,,False
smokehouse chicken jerky,humans,/chicken-jerky/,10,,False
spot farms chicken jerky recall,humans,/chicken-jerky/,10,,False
top chews naturals chicken jerky recall,humans,/chicken-jerky/,10,,False
tucker's chicken jerky,humans,/chicken-jerky/,10,,False
tyson top chews chicken jerky,humans,/chicken-jerky/,10,,False
vibrant life smoked chicken jerky,humans,/chicken-jerky/,10,,False
waggin' train chicken jerky recall,humans,/chicken-jerky/,10,,False
wanpy chicken jerky & biscuit twists ingredients sugar,humans,/chicken-jerky/,10,,False
wanpy chicken jerky strips,humans,/chicken-jerky/,10,,False
wanpy oven-roasted chicken jerky & biscuit twists ingredients sugar,humans,/chicken-jerky/,10,,False
why is chicken jerky not a thing,humans,/chicken-jerky/,10,,True
